{
  "baseline_thd": 0.03079063187374748,
  "baseline_sinad": 29.44007642870975,
  "baseline_noise": -12.710692770042598
}